연관 검색어,PC 월간 검색수,PC 월평균 클릭수,PC 월평균 클릭률,모바일 월간 검색수,모바일 월평균 클릭수,모바일 월평균 클릭율,월평균 노출 광고수,경쟁 정도
제품디자인,2620,36.5,1.42,1960,22.5,1.19,15,높음
무료이미지,21600,428.3,2.07,5780,242.0,4.45,15,높음
목업,5660,11.0,0.2,3700,16.8,0.48,15,높음
과정평가형자격증,2120,8.8,0.44,5480,4.0,0.08,13,중간
저작권없는이미지,7510,102.1,1.43,5910,192.9,3.52,13,중간
이미지,18800,124.3,0.69,25800,124.0,0.52,15,높음
산업디자인학과,1190,0.8,0.07,5420,1.0,0.02,15,높음
가구디자인,770,3.0,0.41,1040,15.3,1.53,15,높음
국비지원,16500,45.7,0.29,28400,207.8,0.78,15,높음
제품디자인회사,870,13.3,1.57,320,12.3,3.94,15,높음
목업제작,2260,6.9,0.33,90,4.4,4.71,15,높음
웹디자인,5850,25.3,0.45,9150,110.0,1.27,15,높음
과정평가형,1150,1.8,0.17,1080,9.7,0.94,15,높음
실내디자인학과,760,2.1,0.28,3080,2.0,0.07,15,높음
시제품제작,2620,24.5,0.98,770,42.8,5.78,15,높음
플라스틱사출,1560,37.1,2.45,2400,70.3,3.05,15,높음
영상편집,11300,37.6,0.36,9940,123.5,1.33,15,높음
라이노인강,20,1.1,4.11,30,3.4,9.53,15,높음
내일배움카드,131200,78.0,0.07,294000,721.1,0.26,15,높음
산업디자인,2460,2.1,0.09,4230,14.0,0.35,15,높음
가구설계제도사,40,0.7,1.71,60,0.5,0.85,3,높음
텍스타일,1320,2.8,0.22,2290,13.0,0.6,15,높음
자동차모형,590,2.8,0.5,2030,18.7,1.0,15,높음
MOS자격증,6150,16.4,0.28,9160,11.3,0.14,15,높음
무료사진,3790,62.6,1.73,1380,49.5,3.84,15,높음
디자인학과,600,0.7,0.13,1750,0.0,0.0,15,높음
컴퓨터활용능력2급,19700,26.1,0.14,36200,226.8,0.66,15,높음
서울디지털디자인전문학교,10,0.0,0.0,20,0.0,0.0,1,중간
상업용무료이미지,4190,146.6,3.61,1360,89.1,6.86,10,중간
플라스틱제작,330,10.9,3.4,570,35.5,6.51,15,높음
컴퓨터활용능력,33200,25.7,0.09,22000,94.3,0.46,15,높음
클립아트,6450,55.9,0.9,1190,26.2,2.31,15,높음
스케치업인강,100,4.5,4.66,120,8.9,7.77,15,높음
디자인전문학교,20,0.3,1.18,40,3.1,7.98,14,높음
무료이미지다운로드,4110,97.0,2.46,1420,55.4,4.09,14,높음
디자인학점은행제,10,0.4,2.24,20,0.7,3.93,15,높음
실내장식,90,2.2,2.48,230,12.9,5.6,15,높음
키샷,1710,13.2,0.8,880,14.0,1.65,15,높음
정보처리산업기사,10700,9.5,0.1,15900,4.3,0.03,15,높음
이미지사이트,2010,83.4,4.29,550,25.0,4.83,15,높음
디자인목업,180,0.9,0.5,60,0.3,0.53,15,높음
건축학과,3030,3.0,0.11,10600,8.7,0.09,15,높음
무료사진사이트,4580,73.0,1.66,2390,106.7,4.73,14,높음
무료이미지사이트,5680,65.4,1.2,1600,65.3,4.3,14,높음
이미지다운로드,620,16.3,2.7,140,7.0,5.41,15,높음
리빙디자인학과,20,0.0,0.0,50,0.0,0.0,3,높음
과정평가형자격제도,110,0.2,0.19,140,0.0,0.0,14,높음
상품디자인,150,1.9,1.24,110,3.0,2.73,15,높음
컴퓨터활용능력1급,26600,51.7,0.21,40900,247.5,0.64,15,높음
디자인직업전문학교,10,0.1,1.13,20,0.0,0.0,10,중간
플라스틱금형,260,6.8,2.59,210,10.3,5.1,15,높음
제조업체,480,4.4,0.92,280,3.7,1.36,15,높음
시각디자인,3450,2.6,0.08,6140,23.3,0.4,15,높음
서울디자인학교,10,0.0,0.0,20,1.0,3.58,3,높음
영상편집학원,1550,27.5,1.85,2980,143.4,5.05,15,높음
플라스틱제조,170,4.9,2.96,270,10.7,4.08,15,높음
제품디자인교육,< 10,0.1,0.87,< 10,0.0,0.0,15,높음
포장기술사,170,0.0,0.0,460,0.0,0.0,3,높음
렌더링,3590,1.9,0.06,4030,2.7,0.07,15,높음
디지털아트,920,1.0,0.12,1460,9.7,0.69,15,높음
디자인교육,210,0.6,0.29,110,2.7,2.47,15,높음
시각디자인학과,2050,3.1,0.16,8460,53.3,0.66,15,높음
라이노강의,100,1.3,1.28,70,1.7,2.35,15,높음
목업제작업체,10,0.4,2.5,10,1.7,12.83,15,높음
웹디자인국비지원,400,5.7,1.49,1270,64.3,5.33,15,높음
국가기술자격,3280,0.2,0.01,8460,0.3,0.01,13,중간
스톡이미지,940,26.9,2.93,440,21.5,5.13,15,높음
목업사이트,1100,2.1,0.21,120,2.0,1.67,15,높음
디자인회사,1560,46.3,3.06,1410,31.3,2.3,15,높음
건축모형만들기,180,2.5,1.43,470,18.7,4.14,15,높음
키샷강의,20,1.3,5.56,< 10,0.7,8.34,5,중간
웹디자인기능사,7010,8.8,0.14,8900,57.3,0.69,15,높음
3D프린팅제작,50,2.7,5.36,40,7.7,18.7,15,높음
SLA프린터,200,1.4,0.74,170,6.3,4.04,15,높음
게임학원,1260,22.1,1.83,2960,79.4,2.84,15,높음
모형만들기,100,0.7,0.75,240,5.2,2.26,15,높음
전산응용건축제도기능사,7480,11.5,0.17,11700,42.0,0.38,15,높음
디자인교수,< 10,0.0,0.0,20,0.0,0.0,1,중간
패키지디자이너,260,0.5,0.21,370,0.3,0.1,15,높음
편집디자이너,770,0.7,0.1,1200,9.0,0.79,15,높음
MOCKUP,3570,1.9,0.06,2650,0.3,0.02,15,높음
자동차디자인,370,0.7,0.2,820,4.0,0.51,15,높음
목업디자인,130,0.6,0.46,50,0.0,0.0,15,높음
3D프린터샘플제작,30,2.2,7.1,10,0.3,2.09,15,높음
플라스틱가공,270,8.0,3.11,250,10.4,4.25,15,높음
유료이미지,500,40.8,8.29,160,22.7,14.45,15,높음
산업디자인회사,80,1.3,1.52,30,3.1,8.48,15,높음
이미지구매,400,29.1,7.44,170,27.4,16.48,15,높음
이미지사진,2800,47.5,1.77,6630,120.3,1.96,15,높음
3D프린트제작,50,2.3,4.36,70,7.3,11.29,15,높음
정보처리기사,54100,68.0,0.14,69600,213.8,0.33,15,높음
이미지포털,60,4.5,7.66,10,0.7,4.45,14,높음
모스자격증,2400,4.6,0.2,4830,3.3,0.08,15,높음
라이노독학,40,0.3,0.74,50,0.3,0.67,15,높음
화장품디자인,230,10.1,4.42,160,10.9,6.68,15,높음
3D프린터회사,140,1.9,1.41,220,5.3,2.51,15,높음
사출금형,1540,18.3,1.23,1270,12.8,1.06,15,높음
컴퓨터인강,260,8.0,3.15,450,9.8,2.28,15,높음
전산회계운용사3급,1180,1.9,0.17,1580,0.7,0.05,15,높음
진공주형,1500,6.7,0.48,100,1.7,1.61,15,높음
벡터이미지,1040,7.7,0.77,530,8.0,1.58,14,높음
일러스트이미지,1220,19.5,1.66,910,45.5,5.26,15,높음
저작권없는이미지사이트,810,17.1,2.23,300,12.3,4.49,10,중간
디자인학교,110,0.2,0.19,290,8.6,2.97,15,높음
대구과정평가형,10,1.3,13.34,40,0.4,1.0,3,높음
과정평가형자격,150,0.4,0.24,40,0.0,0.0,14,높음
MOS,6280,17.7,0.3,5870,2.7,0.05,15,높음
기계디자인,30,0.2,0.55,30,0.0,0.0,15,높음
SLS3D프린터,60,1.4,2.32,30,0.3,1.05,14,높음
플라스틱주문제작,80,3.6,4.29,150,16.9,11.33,15,높음
DLP프린터,80,0.2,0.24,50,0.3,0.48,15,높음
3D프린터출력가격,40,1.2,2.67,40,4.0,9.1,15,높음
3D프린터주문제작,60,2.2,3.73,120,19.3,15.98,15,높음
3D프린터모델링,330,0.5,0.17,210,2.3,1.19,15,높음
모형,1470,3.1,0.22,2490,22.7,0.97,15,높음
키샷책,< 10,0.0,0.0,10,0.0,0.0,2,중간
스케치업책,180,1.1,0.62,310,0.3,0.11,10,중간
실내건축학과,570,0.7,0.13,1840,6.0,0.35,15,높음
홈페이지이미지,100,0.9,0.95,20,0.0,0.0,15,높음
건축과,650,1.3,0.22,1530,7.7,0.53,15,높음
자격증인강,220,5.7,2.65,330,22.6,6.97,15,높음
프리미어프로인강,70,2.3,3.07,50,5.2,10.74,15,높음
게임아카데미,560,11.4,2.12,680,24.8,3.77,15,높음
부산게임학원,170,0.7,0.4,240,11.8,5.23,15,높음
기구설계,1090,13.7,1.27,560,8.9,1.68,15,높음
조형물제작,920,26.6,2.91,820,56.6,7.4,15,높음
재직자내일배움카드,5090,17.7,0.36,8260,65.3,0.83,15,높음
사출,4360,9.8,0.24,7380,49.3,0.71,15,높음
웹디자이너,3550,8.1,0.24,7210,51.0,0.74,15,높음
디자인이미지,70,1.8,2.5,40,1.3,3.2,15,높음
3DITEMS,< 10,0.0,0.0,< 10,0.0,0.0,3,높음
건물모형,110,1.3,1.25,190,8.3,4.46,15,높음
3D캐릭터제작,20,0.3,1.29,20,1.3,6.67,15,높음
3D프린터의뢰,60,2.2,3.44,100,12.7,12.43,15,높음
3D프린터출력물,80,0.9,1.02,40,0.0,0.0,15,높음
SLA3D프린팅,20,0.8,3.14,< 10,0.0,0.0,13,중간
아이디어제품,520,1.6,0.32,610,5.0,0.87,15,높음
워킹목업,170,2.4,1.4,40,1.0,2.13,15,높음
무료일러스트,3050,56.7,1.95,710,33.5,5.11,15,높음
라이노강좌,70,0.5,0.77,40,1.7,3.97,15,높음
샘플제작,130,3.3,2.5,150,6.5,4.51,15,높음
가구디자인학과,140,0.9,0.67,600,6.7,1.18,11,중간
이미지판매,140,6.3,4.33,210,10.6,5.34,15,높음
의료기기디자인,100,4.0,3.97,30,0.7,2.23,15,높음
스케치업,29000,15.1,0.06,10800,57.8,0.57,15,높음
스케치업인터넷강의,10,0.9,6.71,< 10,0.0,0.0,15,높음
3D모델링책,10,0.8,4.66,30,0.9,2.54,3,높음
3D모델링강의,10,0.1,1.03,10,0.3,2.57,15,높음
제품디자인기사,330,0.3,0.11,490,3.5,0.76,15,높음
전산회계운용사,3760,6.5,0.18,4180,16.3,0.41,15,높음
제품디자인전문회사,80,2.1,2.54,< 10,1.0,16.67,15,높음
모형제작,510,12.4,2.44,430,13.8,3.37,15,높음
자동차모형제작,10,0.5,3.89,20,0.5,2.5,15,높음
이미지다운,510,15.0,3.08,130,8.9,6.9,15,높음
기독교이미지,210,2.7,1.37,210,1.3,0.69,15,높음
3D프린터출력대행,250,6.7,2.7,180,17.7,10.28,15,높음
디자인과,510,0.7,0.16,2040,0.7,0.04,15,높음
일러스트파일,3420,27.7,0.83,2960,54.0,1.9,15,높음
과정평가형국가기술자격,30,0.0,0.0,10,0.0,0.0,9,중간
실내인테리어학과,280,1.0,0.38,1280,19.0,1.57,15,높음
무료일러스트사이트,2900,43.7,1.58,930,47.7,5.5,13,중간
휴대폰목업,170,1.3,0.8,180,7.7,4.29,15,높음
건축모형,590,12.0,2.1,800,17.0,2.22,15,높음
3D프린터대행,150,4.3,3.03,130,11.0,8.4,15,높음
STL파일,620,0.6,0.11,280,0.0,0.0,15,높음
미니어쳐제작,70,4.5,6.3,130,9.7,7.5,15,높음
발명품,3380,4.7,0.15,9710,5.3,0.06,15,높음
설계,5190,1.8,0.04,9170,0.7,0.01,15,높음
시제품제작업체,1380,2.5,0.2,70,5.0,6.95,15,높음
홈페이지사진,50,1.5,3.01,30,1.3,3.91,15,높음
유료이미지사이트,340,22.7,6.84,90,8.0,9.31,15,높음
저작권없는사진,900,11.8,1.36,710,18.3,2.74,14,높음
공간디자인학과,290,0.2,0.08,1270,0.7,0.06,15,높음
PPT템플릿,45300,179.5,0.42,8620,168.0,2.09,15,높음
시네마4D,2030,4.2,0.22,1370,16.0,1.23,15,높음
3D프린트대행,90,2.5,2.72,90,7.0,7.78,15,높음
플라스틱가공업체,30,1.5,4.74,30,0.3,1.12,15,높음
3D프린터제품,40,0.4,0.91,50,1.0,1.76,15,높음
건축물모형,40,0.8,1.96,60,0.5,0.81,15,높음
실내건축산업기사,2790,6.1,0.23,5200,35.0,0.71,15,높음
웹디자인인강,70,5.1,7.24,130,8.8,6.95,15,높음
시제품,3080,2.9,0.1,2560,0.7,0.03,15,높음
성인피규어,670,17.8,2.81,3000,135.6,4.89,15,높음
온라인강좌,260,2.5,0.96,220,6.0,2.92,15,높음
스톡사진,800,11.1,1.47,1360,46.9,3.77,15,높음
상업용이미지,500,26.3,5.44,170,15.1,9.41,15,높음
3D프린터출력,460,15.4,3.41,470,31.2,7.1,15,높음
디자인스토리랩,20,1.6,6.56,< 10,0.0,0.0,3,높음
회로설계,490,2.9,0.6,370,2.7,0.76,15,높음
정덕희,150,0.0,0.0,1330,0.0,0.0,1,중간
디자인어워드,390,0.6,0.16,160,0.0,0.0,7,중간
어뎁션,20,4.3,20.69,30,2.6,11.12,1,중간
스마트로프,150,0.0,0.0,540,0.3,0.06,12,중간
의료기디자인,< 10,0.2,5.0,< 10,0.0,0.0,15,높음
운동기구디자인,< 10,0.0,0.0,< 10,0.0,0.0,3,높음
의료디자인,20,0.0,0.0,30,0.0,0.0,15,높음
제품디자인설계,10,0.4,4.0,< 10,0.0,0.0,15,높음
산업디자인전문회사,400,1.8,0.46,40,0.0,0.0,15,높음
디자인지원사업,110,0.9,0.8,20,0.0,0.0,15,높음
자동차디자인회사,< 10,0.3,4.77,20,0.0,0.0,3,높음
핸드폰디자인,30,0.2,0.58,50,0.0,0.0,6,중간
제품디자인업체,30,0.6,1.77,10,0.8,6.82,15,높음
전자제품개발,10,0.7,5.24,10,0.3,2.23,15,높음
제품디자인에이전시,30,2.5,7.68,20,2.3,11.67,14,높음
제품개발,690,9.8,1.45,390,10.0,2.65,15,높음
장비디자인,10,0.9,5.42,< 10,0.0,0.0,15,높음
제품디자이너,730,1.1,0.17,1210,1.0,0.09,15,높음
가전디자인,10,0.0,0.0,10,0.0,0.0,3,높음
완구디자인,20,0.0,0.0,10,1.0,7.15,3,높음
DESIGN,5890,0.7,0.02,12200,1.7,0.02,10,중간
제품디자인개발,20,0.3,1.34,< 10,0.0,0.0,15,높음
유아용품디자인,10,1.0,8.34,< 10,0.0,0.0,6,중간
장난감디자인,10,0.0,0.0,20,0.3,1.67,3,높음
드론기체,10,0.0,0.0,10,0.0,0.0,2,중간
메탈3D프린팅,10,0.2,1.34,< 10,0.7,7.41,15,높음
기계설계,1740,3.9,0.23,1790,7.0,0.41,15,높음
PCB케이스,30,0.5,1.56,10,0.3,2.57,9,중간
부산기계설계,< 10,0.0,0.0,< 10,0.0,0.0,15,높음
소방드론,410,2.3,0.56,630,1.5,0.25,15,높음
제품개발설계,60,1.6,2.76,60,2.6,4.0,15,높음
태양광디자인,20,1.3,5.46,10,0.0,0.0,2,중간
터치테이블,40,0.8,1.67,80,0.0,0.0,15,높음
예약대출기,< 10,0.0,0.0,10,0.0,0.0,3,높음
산업디자인설계,< 10,0.0,0.0,< 10,0.0,0.0,0,낮음
사출디자인,< 10,1.0,50.0,< 10,0.0,0.0,3,높음
장비설계,30,1.0,3.35,20,0.0,0.0,15,높음
장치설계,< 10,0.0,0.0,< 10,0.0,0.0,2,중간
운송로봇,10,0.0,0.0,10,0.3,3.34,3,높음
개발의뢰,30,0.5,1.23,10,0.0,0.0,15,높음
미용기기디자인,< 10,0.0,0.0,< 10,0.0,0.0,15,높음
제품동영상,30,0.4,1.06,10,0.0,0.0,15,높음
제품디자인회사순위,< 10,0.1,2.44,< 10,0.0,0.0,10,중간
개발컨설팅,10,0.0,0.0,20,0.0,0.0,3,높음
마스크디자인,420,2.8,0.67,1090,16.7,1.59,15,높음
판금설계,90,0.3,0.36,110,0.3,0.32,15,높음
부산시제품제작,10,0.2,2.0,10,0.0,0.0,15,높음
전자제품디자인,30,0.5,1.67,< 10,0.0,0.0,15,높음
부산시제품,< 10,0.1,0.84,< 10,0.7,7.41,15,높음
제품디자인프리랜서,10,0.1,0.96,< 10,0.0,0.0,15,높음
자판기설계,10,0.0,0.0,< 10,0.0,0.0,3,높음
부산목업,< 10,0.0,0.0,< 10,0.0,0.0,0,낮음
생활용품디자인,60,0.3,0.5,120,0.3,0.29,15,높음
공업디자인,120,0.0,0.0,280,0.0,0.0,15,높음
굿즈디자인,150,2.3,1.6,160,0.9,0.61,15,높음
로봇설계,40,0.4,0.82,50,0.3,0.66,15,높음
공공시설물디자인,30,0.7,2.03,10,0.3,2.78,3,높음
세로형간판,20,0.1,0.38,10,0.0,0.0,12,중간
리플렛사이트,10,0.1,0.56,10,0.0,0.0,15,높음
부산배너출력,< 10,0.3,10.26,< 10,0.0,0.0,13,중간
제품산업디자인,< 10,0.0,0.0,10,0.0,0.0,3,높음
제품디자인컨설팅,< 10,0.3,6.78,< 10,0.0,0.0,15,높음
중소기업정부지원사업,90,2.0,2.13,10,0.0,0.0,8,중간
외국홈페이지,20,0.3,1.06,< 10,0.0,0.0,15,높음
키오스크설계,< 10,0.1,0.77,< 10,0.0,0.0,15,높음
웨어러블디자인,10,0.0,0.0,10,0.0,0.0,3,높음
기구디자인,30,0.8,2.29,10,0.0,0.0,15,높음
유명한제품디자이너,50,0.0,0.0,30,0.0,0.0,2,중간
산업디자이너,700,0.5,0.07,1540,1.0,0.07,15,높음
정부지원사업,2210,12.5,0.59,1350,15.8,1.25,15,높음
아이디어상품개발,10,0.6,3.34,20,0.0,0.0,15,높음
설계용역,350,2.1,0.6,140,3.2,2.34,15,높음
금형제조,50,0.3,0.65,50,0.5,0.95,15,높음
금형제작지원,20,0.3,1.34,10,0.0,0.0,3,높음
도어디자인,30,0.3,0.87,70,0.8,1.14,14,높음
자동차목업,20,0.5,2.03,20,0.3,1.45,15,높음
자동차부품설계,30,0.2,0.53,60,0.0,0.0,15,높음
장비개발,30,0.2,0.49,10,0.0,0.0,11,중간
프라스틱금형,10,1.0,7.82,10,0.0,0.0,15,높음
프라스틱성형,< 10,0.1,1.12,10,0.3,2.09,15,높음
목업견적,< 10,0.1,1.34,< 10,0.0,0.0,15,높음
금형제작,1390,32.9,2.42,2040,82.5,4.22,15,높음
아이디어제품제작,10,0.7,6.07,10,0.0,0.0,15,높음
알루미늄압출성형,< 10,0.0,0.0,< 10,0.0,0.0,3,높음
MOLD,3670,0.8,0.03,6670,1.3,0.03,10,중간
사출성형업체,10,1.8,11.25,10,1.0,7.15,15,높음
사출업체,160,5.0,3.13,100,6.3,6.34,15,높음
사출회사,50,1.1,1.84,100,0.3,0.33,15,높음
금형설계,680,4.0,0.6,740,10.3,1.45,15,높음
금형공장,70,0.8,0.97,90,1.0,1.15,15,높음
수출바우처지원사업,160,0.0,0.0,20,0.0,0.0,15,높음
기구개발,100,0.1,0.14,80,0.0,0.0,15,높음
제품디자인기업,< 10,0.0,0.0,< 10,0.0,0.0,3,높음
제품디자인외주,10,0.5,3.12,< 10,0.0,0.0,15,높음
기구설계회사,< 10,0.7,16.67,< 10,0.0,0.0,15,높음
제품개발프로세스,150,0.1,0.09,80,0.0,0.0,15,높음
제품개발의뢰,< 10,0.6,10.0,< 10,1.0,25.0,15,높음
전자기기개발,< 10,0.0,0.0,< 10,0.0,0.0,15,높음
연구개발,940,0.5,0.06,460,0.0,0.0,15,높음
3D기구설계,< 10,0.1,2.23,< 10,0.0,0.0,15,높음
3D설계,370,1.4,0.38,260,2.3,0.95,15,높음
제품제작,150,4.8,3.29,130,10.2,7.96,15,높음
산업디자인업체,10,0.3,2.57,< 10,0.0,0.0,15,높음
종합디자인전문회사,10,0.0,0.0,< 10,0.0,0.0,3,높음
UX디자인에이전시,< 10,0.3,16.67,< 10,0.0,0.0,3,높음
한국디자인회사,10,0.0,0.0,10,0.0,0.0,3,높음
홈페이지지원사업,70,0.2,0.29,20,0.3,1.29,15,높음
홈페이지제작지원사업,70,1.5,1.97,10,0.3,1.86,15,높음
창업도약패키지,1330,1.4,0.11,530,0.0,0.0,15,높음
수출지원사업,150,0.3,0.22,30,0.7,2.03,15,높음
카다로그지원사업,< 10,0.0,0.0,< 10,0.3,6.67,3,높음
중소기업지원사업,1550,3.5,0.24,520,0.0,0.0,15,높음
제품디자인스튜디오,10,0.2,1.66,10,0.0,0.0,12,중간
수출바우처디자인,20,0.3,1.29,< 10,0.0,0.0,15,높음
키오스크디자인,80,1.2,1.4,60,0.0,0.0,15,높음
글로벌강소기업,560,1.5,0.28,290,0.0,0.0,15,높음
자판기디자인,10,0.1,1.0,10,0.3,3.34,13,중간
시제품개발,90,1.8,1.96,30,0.7,2.03,15,높음
제품디자인의뢰,< 10,0.2,2.86,10,1.0,9.1,15,높음
아이디어상품화,10,0.1,0.67,10,0.3,2.28,15,높음
로봇디자인,70,0.4,0.62,50,0.0,0.0,14,높음
아이디어제작,10,0.7,4.45,10,0.0,0.0,15,높음
제품디자인견적,< 10,0.0,0.0,< 10,1.0,25.0,15,높음
졸업작품목업,< 10,0.4,6.67,10,0.0,0.0,15,높음
가전제품디자인,40,0.1,0.16,20,1.3,6.35,15,높음
상품개발,270,1.1,0.43,220,0.3,0.16,15,높음
수출역량강화사업,10,0.1,0.48,< 10,0.0,0.0,15,높음
수출성공패키지,20,0.1,0.29,< 10,0.0,0.0,15,높음
제품기구설계,< 10,0.3,8.89,< 10,0.0,0.0,15,높음
전기자동차디자인,20,0.0,0.0,40,0.0,0.0,2,중간
POS디자인,< 10,0.0,0.0,< 10,0.0,0.0,2,중간
TV디자인,10,0.0,0.0,20,0.0,0.0,3,높음
도어락디자인,10,0.0,0.0,10,0.7,7.41,3,높음
수출바우처홈페이지,20,0.3,1.16,< 10,0.0,0.0,15,높음
CMF디자인,170,0.0,0.0,310,0.0,0.0,3,높음
디스플레이디자인,60,0.0,0.0,40,0.0,0.0,15,높음
수출바우처사업수행기관,10,0.5,2.6,< 10,0.0,0.0,15,높음
제품디자인사이트,20,0.3,0.99,< 10,0.0,0.0,15,높음
제품디자인스케치,20,0.1,0.24,20,0.0,0.0,15,높음
대전시제품제작,10,0.3,1.49,< 10,0.0,0.0,15,높음
제품설계,330,4.7,1.42,140,4.0,2.74,15,높음
수출바우처수행사,40,0.1,0.32,< 10,0.0,0.0,15,높음
기구설계업체,10,0.5,4.11,< 10,0.0,0.0,15,높음
생활용품디자이너,< 10,0.0,0.0,10,0.0,0.0,3,높음
공기청정기개발,10,0.7,6.67,< 10,0.0,0.0,3,높음
제품기획,140,0.2,0.15,80,1.0,1.27,15,높음
수전디자인,< 10,0.3,3.71,10,0.0,0.0,3,높음
제품목업,40,0.9,2.18,10,0.0,0.0,15,높음
기계설계용역,20,0.7,2.3,10,0.0,0.0,15,높음
금속목업,< 10,0.0,0.0,< 10,0.0,0.0,3,높음
목업집,20,0.3,1.78,10,0.0,0.0,15,높음
프로덕트디자인,140,0.2,0.15,180,0.0,0.0,15,높음
제품디자인가격,< 10,0.1,0.96,< 10,0.0,0.0,15,높음
물병디자인,20,0.2,0.92,30,0.0,0.0,15,높음
볼펜디자인,20,1.2,4.8,40,0.0,0.0,15,높음
3D렌더링업체,< 10,0.3,4.77,< 10,0.0,0.0,15,높음
정부과제,850,2.4,0.29,450,2.7,0.61,15,높음
플라스틱제품설계,10,0.3,2.23,20,0.3,1.52,15,높음
드론디자인,10,0.7,4.45,10,0.0,0.0,3,높음
산업디자인자격증,70,0.3,0.42,150,0.0,0.0,10,중간
모델링,2970,0.3,0.02,3200,2.3,0.08,15,높음
목업비용,10,0.2,1.34,10,0.3,2.09,15,높음
대전시제품,10,0.3,1.67,< 10,0.0,0.0,15,높음
경기도지원사업,190,0.9,0.49,110,0.0,0.0,15,높음
기구설계용역,10,1.9,14.36,< 10,0.0,0.0,15,높음
드라이기디자인,< 10,0.0,0.0,10,0.0,0.0,3,높음
디자인설계,90,1.0,1.08,60,0.0,0.0,15,높음
3D모델링렌더링,< 10,0.0,0.0,< 10,0.0,0.0,3,높음
시제품제작지원,100,0.5,0.45,20,0.0,0.0,15,높음
제품디자인제작,10,0.3,4.17,< 10,0.0,0.0,15,높음
제품디자인비용,10,0.1,0.75,< 10,0.0,0.0,15,높음
플라스틱사출업체,60,2.3,3.83,20,1.5,5.77,15,높음
CROP,3440,0.0,0.0,8450,0.0,0.0,3,높음
신제품개발,170,0.5,0.32,120,0.0,0.0,15,높음
설계대행,10,0.5,4.11,< 10,0.3,3.71,15,높음
시제품설계,< 10,0.3,3.71,10,0.3,2.09,15,높음
조명디자인,350,1.5,0.43,420,6.0,1.46,15,높음
목업업체,30,0.5,1.62,30,3.3,10.49,15,높음
외관디자인,50,0.8,1.46,20,0.0,0.0,6,중간
대구목업,10,0.8,7.28,< 10,0.0,0.0,15,높음
티비디자인,< 10,0.0,0.0,20,0.0,0.0,3,높음
기구제작,10,1.1,6.3,20,1.3,5.13,15,높음
디자인전문기업,30,0.1,0.41,< 10,0.0,0.0,15,높음
제품컨설팅,10,0.7,6.07,< 10,0.0,0.0,3,높음
특허시제품,10,0.3,2.78,20,0.0,0.0,15,높음
기구설계디자인,< 10,1.0,16.67,< 10,0.0,0.0,3,높음
아이디어상품제작,30,0.4,1.38,50,3.5,6.94,15,높음
대전목업,< 10,0.0,0.0,< 10,0.0,0.0,15,높음
라이노외주,< 10,0.0,0.0,< 10,0.0,0.0,3,높음
샤워기디자인,< 10,0.0,0.0,< 10,0.7,9.53,3,높음
아이디어용품,90,1.4,1.46,190,2.3,1.19,15,높음
블랙박스디자인,< 10,0.0,0.0,10,0.0,0.0,3,높음
3D디자인회사,< 10,0.2,3.34,< 10,0.0,0.0,15,높음
시제품디자인,< 10,0.6,7.63,< 10,0.0,0.0,15,높음
기계기구설계,< 10,0.0,0.0,< 10,0.0,0.0,3,높음
압력용기설계,50,0.8,1.41,10,0.0,0.0,13,중간
정밀기계,90,0.0,0.0,150,0.7,0.49,15,높음
디자인가전,20,0.3,1.13,20,0.0,0.0,13,중간
플라스틱모형제작,< 10,0.0,0.0,20,0.7,2.9,15,높음
3D모델링디자인,< 10,0.0,0.0,< 10,0.0,0.0,3,높음
워킹목업제작,< 10,0.0,0.0,< 10,0.0,0.0,15,높음
아이디어개발,40,1.2,2.56,30,0.0,0.0,15,높음
디자인제품,120,1.1,0.89,90,0.7,0.75,15,높음
칫솔디자인,20,0.0,0.0,10,0.0,0.0,12,중간
휴대폰케이스디자인,10,0.1,0.61,40,0.3,0.82,15,높음
디자인개발,120,0.4,0.35,40,1.7,3.55,15,높음
밥솥디자인,< 10,0.3,8.34,10,0.0,0.0,3,높음
3D제품디자인,20,0.1,0.48,30,0.3,1.15,15,높음
설치미술,1040,3.0,0.3,1770,0.7,0.04,14,높음
선박모형,60,1.9,3.17,70,4.8,7.43,15,높음
피큐어제작,< 10,0.0,0.0,< 10,0.0,0.0,0,낮음
프로토타입제작,70,0.1,0.1,40,0.3,0.84,15,높음
특허시제품제작,< 10,0.1,2.23,< 10,0.0,0.0,15,높음
SLS,1230,0.7,0.07,3060,0.0,0.0,15,높음
MOCK-UP,490,0.1,0.03,70,0.0,0.0,15,높음
3D프린팅서비스,30,1.9,6.45,10,0.7,5.56,15,높음
3D프린팅대행,80,1.9,2.46,40,5.0,11.91,15,높음
3D프린트,950,8.8,0.94,1040,27.9,2.85,15,높음
3D프린터출력소,10,0.8,4.71,10,0.3,2.78,15,높음
3D프린터시제품,80,2.9,3.54,40,4.0,9.76,15,높음
3D프린터샘플,40,1.4,3.57,10,1.3,8.34,14,높음
3D프린터건축,410,1.0,0.27,600,1.0,0.19,14,높음
도면제작,150,1.0,0.7,80,2.7,3.18,15,높음
3DPRINTER,240,2.3,0.96,150,4.0,2.76,15,높음
디자인컨셉,720,0.4,0.06,380,0.3,0.09,15,높음
UIUX디자인에이전시,< 10,0.0,0.0,< 10,0.0,0.0,3,높음
수출바우처수행기업,30,0.3,0.82,< 10,0.0,0.0,8,중간
수출바우처기업,10,0.0,0.0,< 10,0.0,0.0,3,높음
대전3D프린팅,20,1.0,4.55,10,0.7,3.71,15,높음
대전절곡,< 10,0.0,0.0,30,0.0,0.0,3,높음
3D디자인외주,< 10,0.0,0.0,< 10,0.0,0.0,3,높음
3D렌더링외주,< 10,0.0,0.0,< 10,0.0,0.0,3,높음
3D모델링파일,40,0.0,0.0,10,0.0,0.0,3,높음
3D인테리어디자인,10,0.0,0.0,10,0.0,0.0,3,높음
3D프린팅업체,200,8.2,4.17,150,24.7,15.92,15,높음
포토샵대행,40,2.3,5.32,90,12.8,14.92,15,높음
플라스틱금형사출,10,0.3,2.11,10,0.0,0.0,15,높음
화장품제품개발,10,0.4,4.35,10,0.0,0.0,2,중간
제품디자인트랜드,10,0.0,0.0,< 10,0.0,0.0,2,중간
제품컨셉,90,0.0,0.0,30,0.0,0.0,3,높음
조형물디자인,40,1.1,2.43,10,0.0,0.0,15,높음
졸업작품,1000,4.1,0.42,1110,11.3,1.04,15,높음
졸작,510,1.1,0.24,1400,0.0,0.0,15,높음
졸작대행,40,1.5,3.42,50,0.0,0.0,15,높음
졸작판넬,< 10,0.7,11.12,< 10,0.7,33.34,3,높음
컴퓨터디자인,170,0.3,0.16,480,4.0,0.88,15,높음
컴퓨터본체디자인,< 10,0.0,0.0,10,0.0,0.0,3,높음
컴퓨터케이스디자인,10,0.0,0.0,< 10,0.0,0.0,3,높음
아이디어공장,< 10,0.0,0.0,< 10,0.0,0.0,3,높음
아이디어구체화,20,0.3,1.52,20,0.0,0.0,3,높음
아이디어컨설턴트,10,0.4,2.64,20,0.4,1.73,3,높음
악세서리디자인,< 10,0.0,0.0,30,0.3,1.08,3,높음
애견용품디자인,< 10,0.7,16.67,< 10,0.0,0.0,3,높음
우수디자인회사,< 10,0.0,0.0,< 10,0.0,0.0,3,높음
사무용품디자인,10,0.7,5.13,10,1.0,7.15,3,높음
상세페이지배우기,< 10,0.0,0.0,< 10,0.0,0.0,3,높음
세종디자인회사,< 10,0.0,0.0,< 10,0.0,0.0,3,높음
디자인창업지원,20,0.0,0.0,< 10,0.0,0.0,2,중간
라이노3D프린터,30,0.0,0.0,20,0.0,0.0,3,높음
라이노3D프린팅,< 10,0.3,4.77,< 10,0.0,0.0,3,높음
라이노6,600,1.7,0.29,250,0.5,0.21,15,높음
라이노프로그램,780,3.7,0.49,640,0.7,0.11,10,중간
마우스디자인,50,0.0,0.0,10,0.0,0.0,3,높음
모델링의뢰,< 10,0.7,8.34,< 10,0.0,0.0,3,높음
가성비디자인,< 10,0.0,0.0,< 10,0.0,0.0,1,중간
개발디자인,< 10,0.0,0.0,< 10,0.0,0.0,3,높음
과제대행업체,20,0.0,0.0,10,0.0,0.0,3,높음
냉장고디자인,30,0.0,0.0,70,0.0,0.0,3,높음
멀티탭디자인,30,0.0,0.0,190,0.7,0.38,3,높음
카메라디자인,< 10,0.0,0.0,20,0.0,0.0,3,높음
오디오디자인,10,0.0,0.0,10,0.7,5.13,3,높음
제품생산,90,0.3,0.38,50,0.3,0.7,15,높음
주방용품디자인,< 10,0.3,5.56,< 10,0.0,0.0,3,높음
디자인전문회사,700,5.2,0.74,100,2.3,2.36,15,높음
시제품제작지원사업,140,0.9,0.65,50,0.7,1.29,15,높음
디자인회사순위,120,0.9,0.8,170,0.0,0.0,15,높음
시금형,100,0.0,0.0,40,0.0,0.0,3,높음
UI디자인업체,< 10,0.0,0.0,< 10,0.0,0.0,15,높음
삽지제작,< 10,2.1,22.81,< 10,0.0,0.0,6,중간
기구설계외주,< 10,0.4,10.0,< 10,0.0,0.0,15,높음
디자인기구설계,< 10,0.7,33.34,< 10,0.0,0.0,3,높음
사이트제작,530,18.3,3.55,300,21.2,7.37,15,높음
제품디자인알바,< 10,0.3,4.17,< 10,0.3,16.67,12,중간
의자설계,20,0.0,0.0,20,0.0,0.0,3,높음
자동차설계,160,0.3,0.17,330,0.0,0.0,15,높음
융합디자인,170,0.7,0.39,180,0.0,0.0,3,높음
창업플랫폼,60,1.4,2.16,30,0.0,0.0,15,높음
특허상품,70,0.2,0.28,70,0.0,0.0,15,높음
발명아이디어,2480,2.1,0.09,11200,2.7,0.03,15,높음
C&C,930,1.0,0.12,1950,1.3,0.08,15,높음
로봇개발,80,0.4,0.5,120,0.0,0.0,15,높음
설계디자인,40,0.1,0.18,50,0.0,0.0,13,중간
버스디자인,30,0.7,2.01,50,0.0,0.0,9,중간
CC&C,< 10,1.7,33.34,< 10,0.9,14.29,1,중간
씨앤씨디자인,10,0.0,0.0,10,0.0,0.0,2,중간
3D제품설계,10,0.1,1.05,< 10,0.0,0.0,15,높음
제품렌더링,60,0.5,0.73,20,0.0,0.0,15,높음
제품제작업체,20,1.3,7.02,< 10,0.7,13.34,15,높음
실내디자인회사,40,0.5,1.19,60,0.0,0.0,15,높음
대구제품디자인,20,0.1,0.26,20,0.0,0.0,15,높음
대구산업디자인,< 10,0.0,0.0,< 10,0.0,0.0,13,중간
렌더링업체,10,0.6,4.29,20,1.3,4.94,15,높음
상자디자인,50,1.9,3.4,70,5.9,8.38,15,높음
그릇디자인,30,0.4,1.32,120,1.0,0.82,12,중간
제품박스제작,110,9.7,8.18,30,5.3,15.24,15,높음
청주디자인회사,10,0.5,2.6,10,0.0,0.0,15,높음
대구시제품제작,10,0.3,3.34,10,0.7,6.07,15,높음
전자제품케이스,10,0.3,2.57,10,0.0,0.0,15,높음
기구물제작,< 10,0.1,1.34,< 10,0.0,0.0,15,높음
전문디자인업체,< 10,0.0,0.0,< 10,0.0,0.0,3,높음
IT디자인,40,0.0,0.0,80,0.0,0.0,5,중간
플라스틱시제품제작,< 10,0.1,2.23,10,0.0,0.0,15,높음
제품로고디자인,< 10,0.2,5.0,< 10,0.0,0.0,15,높음
대구설계,< 10,0.0,0.0,10,0.0,0.0,3,높음
모델링업체,< 10,0.1,3.34,< 10,0.0,0.0,15,높음
3D모델링회사,10,0.6,3.53,10,0.0,0.0,15,높음
IKKODESIGN,< 10,0.0,0.0,< 10,0.0,0.0,0,낮음
바우처사업,800,0.9,0.12,510,0.3,0.07,15,높음
설계외주,10,0.1,0.89,10,0.0,0.0,15,높음
아이디어제품개발,< 10,0.0,0.0,< 10,0.0,0.0,15,높음
악기디자인,< 10,0.5,6.67,10,1.6,10.0,2,중간
외함제작,30,1.8,5.32,10,2.3,17.95,15,높음
종합광고대행사,740,17.7,2.44,360,4.7,1.31,15,높음
인터뷰영상촬영,10,0.5,3.81,< 10,0.0,0.0,15,높음
온라인컨텐츠,90,0.3,0.3,50,0.0,0.0,15,높음
병원영상,30,1.0,2.95,30,0.3,1.02,15,높음
바이럴마케팅업체,320,6.5,2.09,440,8.2,1.97,15,높음
동영상제작비,10,0.1,0.71,20,1.0,5.0,15,높음
광고제작비용,20,0.2,0.8,10,0.0,0.0,15,높음
광고동영상제작,20,0.7,2.78,< 10,0.0,0.0,15,높음
SNS영상,50,1.9,3.4,20,1.3,6.35,15,높음
CF제작,40,2.5,6.34,20,2.7,12.7,15,높음
시제품제작의뢰,< 10,0.0,0.0,< 10,0.0,0.0,3,높음
소공인특화자금,970,3.4,0.36,870,0.0,0.0,15,높음
서울창조경제혁신센터,1760,0.0,0.0,1120,0.0,0.0,3,높음
산학협력단,2270,0.7,0.03,2340,0.3,0.02,3,높음
소프트파워업,20,0.0,0.0,10,0.0,0.0,1,중간
RHINO,2710,0.5,0.02,5090,1.3,0.03,10,중간
라이노학원,110,2.3,1.93,210,13.0,6.56,15,높음
RHINO3D,500,0.4,0.09,110,0.0,0.0,15,높음
디자인수주,< 10,0.0,0.0,< 10,0.0,0.0,1,중간
머그컵디자인,80,0.8,0.97,240,0.7,0.29,15,높음
대구편집디자인,< 10,0.1,0.75,10,1.7,12.83,15,높음
스위치디자인,40,0.0,0.0,90,0.0,0.0,2,중간
3D모델링업체,30,0.7,2.37,20,3.3,13.89,15,높음
용기디자인,100,2.9,2.79,60,3.7,5.92,15,높음
대구시제품,< 10,0.6,6.67,< 10,0.3,5.56,15,높음
광고물제작,70,2.1,2.92,100,4.7,4.82,15,높음
3D모델링작업,< 10,1.0,20.0,< 10,0.0,0.0,3,높음
3차원측정의뢰,< 10,0.4,5.0,< 10,0.0,0.0,8,중간
회로설계업체,< 10,1.7,27.78,< 10,0.0,0.0,3,높음
플라스틱제품제조,10,0.4,2.23,30,0.0,0.0,15,높음
프라스틱기어,10,1.9,12.5,10,1.0,5.89,11,중간
전기차충전기제조,60,1.3,2.23,60,0.3,0.54,3,높음
전기차충전기제작,10,0.0,0.0,20,0.0,0.0,3,높음
의료기기사출,< 10,2.0,22.23,< 10,0.0,0.0,3,높음
의료기기개발,40,0.1,0.17,30,0.0,0.0,15,높음
오링조립기,< 10,0.0,0.0,< 10,0.0,0.0,3,높음
시금형제작,10,1.0,6.25,< 10,0.0,0.0,3,높음
QDM업체,< 10,0.3,8.34,< 10,0.0,0.0,3,높음
방열판가공,< 10,0.0,0.0,< 10,0.0,0.0,0,낮음
리모콘제작,< 10,0.3,5.56,10,0.0,0.0,3,높음
기계설계프리랜서,30,0.9,2.86,30,0.0,0.0,8,중간
기계설계외주,< 10,0.4,40.0,< 10,0.7,11.12,10,중간
기계가공업체,10,0.2,1.34,10,1.0,9.1,15,높음
금속제조,20,0.1,0.52,20,2.7,11.6,15,높음
광주금속가공,< 10,0.0,0.0,10,0.0,0.0,3,높음
광주3D프린터,40,0.3,0.82,70,1.3,2.03,15,높음
강동테크,20,4.8,20.0,20,0.6,2.18,2,중간
스틸가공,30,1.5,4.3,30,2.7,7.85,15,높음
건축디자인회사,10,0.7,4.08,40,0.0,0.0,15,높음
라이노7,1130,0.0,0.0,390,1.0,0.27,3,높음
유명디자인회사,10,0.3,2.24,10,0.0,0.0,15,높음
수출바우처사업,3170,2.1,0.07,620,0.3,0.06,15,높음
수학교재만들기,10,0.5,3.39,20,0.0,0.0,11,중간
가이드북디자인,10,0.0,0.0,10,0.0,0.0,14,높음
디자인컨설팅,90,1.1,1.2,70,2.0,3.13,15,높음
CNC가공,2450,20.1,0.85,4130,52.8,1.35,15,높음
지그,3550,9.2,0.27,5490,40.0,0.77,15,높음
지그제작,310,12.5,3.99,190,11.9,6.37,15,높음
콘서트굿즈,30,0.1,0.45,70,0.0,0.0,15,높음
KPOP굿즈,20,1.3,4.94,10,0.3,1.86,3,높음
시즌그리팅,350,0.7,0.21,1090,1.7,0.17,10,중간
알루미늄가공,560,10.4,1.87,440,7.3,1.72,15,높음
JIG,1820,1.9,0.11,2710,0.3,0.02,15,높음
PP가공,20,1.7,6.67,10,0.0,0.0,15,높음
발명품제작,60,2.7,4.38,170,17.1,10.18,15,높음
3D모형제작,20,1.1,4.2,30,5.0,15.63,15,높음
합성수지가공,70,1.7,2.46,20,1.0,4.77,15,높음
제품도면,90,0.3,0.31,40,0.7,1.56,15,높음
중소기업수출지원센터,610,0.1,0.02,150,0.0,0.0,15,높음
산업디자인스튜디오,< 10,0.0,0.0,< 10,0.0,0.0,3,높음
아세탈가공,70,3.9,5.38,30,2.5,7.15,15,높음
캡스톤제작,10,0.4,4.35,10,0.4,4.35,3,높음
유명한디자인회사,10,0.0,0.0,30,0.0,0.0,15,높음
시각디자인전문회사,20,1.3,5.21,10,0.3,3.04,4,낮음
캡스톤디자인제작,20,1.0,3.71,10,0.3,1.76,3,높음
디자인홍보,10,0.0,0.0,10,0.0,0.0,3,높음
기업캠페인,70,0.0,0.0,30,0.0,0.0,3,높음
단행본,2110,1.0,0.05,5010,5.3,0.12,15,높음
중간보고서,90,0.8,0.84,30,0.0,0.0,6,중간
부품카탈로그,< 10,0.0,0.0,< 10,0.0,0.0,3,높음
디자인업체,520,22.9,4.4,270,10.8,4.09,15,높음
프라스틱가공,10,0.4,3.6,< 10,0.0,0.0,14,높음
플라스틱출력,< 10,0.3,11.12,< 10,0.0,0.0,3,높음
건강식품용기,10,2.1,15.96,< 10,0.3,4.77,14,높음
식용유용기,10,1.0,6.67,90,0.3,0.4,3,높음
지그제작업체,20,1.9,8.12,< 10,0.0,0.0,15,높음
개발대행,20,0.1,0.58,10,0.0,0.0,15,높음
천안디자인업체,< 10,0.0,0.0,< 10,0.0,0.0,3,높음
청주3D프린터,10,0.3,1.86,50,0.0,0.0,15,높음
청주금형,< 10,0.7,13.34,10,1.0,6.25,3,높음
충남산업디자인,< 10,0.5,10.0,< 10,0.0,0.0,2,중간
캐릭터모델링외주,< 10,0.7,9.53,< 10,0.0,0.0,3,높음
캡스톤디자인업체,30,2.0,6.6,20,0.3,1.24,9,중간
캡스톤디자인작품,140,1.3,0.94,100,0.3,0.33,3,높음
플라스틱사출성형,100,4.1,4.31,60,0.7,1.03,15,높음
플라스틱사출제작,< 10,0.0,0.0,< 10,0.0,0.0,13,중간
소품제작,130,6.1,4.58,160,15.5,10.26,15,높음
플라스틱제조업체,70,2.0,2.95,70,3.8,5.36,15,높음
플라스틱제품제작,10,1.2,7.74,10,0.0,0.0,12,중간
학생공모전,70,0.6,0.85,90,0.0,0.0,12,중간
3D주문제작,< 10,0.3,4.0,20,0.5,2.39,14,높음
3D프린팅SLA,40,0.5,1.21,30,0.0,0.0,12,중간
3D프린팅외주,20,1.6,7.95,10,0.3,2.57,11,중간
IOT디자인,30,0.6,1.83,10,0.0,0.0,5,중간
PCB회로설계,40,0.9,1.86,50,0.0,0.0,15,높음
TP디자인,< 10,0.0,0.0,< 10,1.0,50.0,1,중간
공기청정기설계,10,0.0,0.0,< 10,0.8,40.0,3,높음
대전기구설계,< 10,0.0,0.0,< 10,0.7,8.34,3,높음
대전디자인기업,< 10,0.0,0.0,< 10,0.0,0.0,3,높음
대전모형제작,< 10,0.3,8.34,< 10,0.0,0.0,3,높음
대전플라스틱사출,< 10,0.3,33.34,< 10,0.0,0.0,3,높음
디자인렌더링,40,2.2,4.69,20,0.0,0.0,1,중간
디자인역량강화,20,1.0,4.55,< 10,0.0,0.0,1,중간
천안가공,10,0.0,0.0,< 10,0.0,0.0,3,높음
졸업작품만들기,40,0.4,0.99,90,0.7,0.71,15,높음
정밀금형,80,0.6,0.7,10,0.0,0.0,15,높음
전통시장디자인,< 10,0.0,0.0,< 10,1.0,20.0,1,중간
전주3D프린팅,< 10,0.2,1.67,10,0.0,0.0,13,중간
전기과졸업작품,490,6.7,1.4,740,5.3,0.72,14,높음
익산3D프린터,< 10,0.0,0.0,< 10,0.0,0.0,3,높음
이중사출,400,4.9,1.25,310,2.0,0.66,15,높음
우퍼디자인,10,0.0,0.0,20,0.0,0.0,3,높음
영상CG,30,0.4,1.27,50,1.0,2.13,14,높음
아두이노졸업작품,260,2.7,1.05,220,0.3,0.15,14,높음
아두이노외주,110,2.6,2.35,60,1.0,1.52,7,중간
시제품도면,< 10,0.0,0.0,< 10,0.0,0.0,2,중간
플라스틱제작업체,10,0.3,1.91,10,0.0,0.0,15,높음
사출금형부품,20,0.8,3.44,10,0.0,0.0,13,중간
서울디자인진흥원,30,2.0,5.89,10,0.0,0.0,1,중간
E카다록,< 10,0.0,0.0,< 10,0.0,0.0,0,낮음
에디토리얼,820,0.0,0.0,770,0.3,0.05,3,높음
수출바우처,7080,6.0,0.09,2040,9.1,0.46,15,높음
QDM금형,150,3.7,2.55,70,0.0,0.0,15,높음
기구설계의뢰,< 10,0.0,0.0,< 10,0.0,0.0,2,중간
엽서대량제작,10,1.5,8.12,20,0.0,0.0,13,중간
스티커굿즈제작,20,1.2,5.14,50,1.7,3.34,13,중간
모자굿즈,< 10,1.3,19.05,< 10,1.3,16.67,3,높음
마그넷디자인,< 10,0.0,0.0,30,0.0,0.0,1,중간
기초디자인,870,1.0,0.12,2100,7.0,0.36,15,높음
의상디자인학과,210,1.1,0.58,1030,10.1,1.03,15,높음
프로그램제작,210,6.7,3.12,140,8.9,6.58,15,높음
정보처리산업기사과정평가형,40,0.0,0.0,20,0.0,0.0,2,중간
과정평가형교육,< 10,0.0,0.0,< 10,0.0,0.0,3,높음
기계설계산업기사과정평가형,20,0.0,0.0,20,0.0,0.0,2,중간
과정평가형외부평가,20,0.0,0.0,40,0.0,0.0,1,중간
과정평가,150,0.0,0.0,160,0.0,0.0,3,높음
과정평가형산업기사,30,0.0,0.0,50,0.0,0.0,3,높음
과정평가형국가기술자격증,< 10,0.0,0.0,10,0.0,0.0,2,중간
과정평가형학원,10,0.1,1.06,10,0.0,0.0,9,중간
과정평가자격증,10,0.4,4.0,< 10,0.0,0.0,2,중간
디자인강의,140,2.7,1.9,90,5.8,6.56,15,높음
동화일러스트,260,2.5,0.99,620,11.3,1.88,15,높음
CQ넷,230,0.0,0.0,230,0.0,0.0,2,중간
디자인외주,630,15.2,2.48,690,31.3,4.7,15,높음
라이노3D,1690,1.9,0.12,850,3.7,0.45,15,높음
용접산업기사과정평가형,< 10,0.0,0.0,10,0.0,0.0,1,중간
대학추가모집,520,0.7,0.16,2380,1.0,0.06,14,높음
라이노인터넷강의,< 10,1.0,16.05,< 10,0.0,0.0,14,높음
디자인사이버대학,< 10,0.0,0.0,< 10,0.0,0.0,3,높음
전자담배디자인,20,0.0,0.0,70,0.0,0.0,2,중간
헬멧디자인,10,0.6,5.89,20,0.0,0.0,2,중간
스쿠터디자인,< 10,0.0,0.0,10,0.0,0.0,1,중간
서울디자인업체,< 10,0.0,0.0,< 10,0.0,0.0,3,높음
안전모디자인,10,0.5,3.58,< 10,0.0,0.0,2,중간
CCTV디자인,< 10,0.0,0.0,< 10,0.4,4.55,3,높음
가구디자인과,20,0.0,0.0,70,0.3,0.44,9,중간
그래픽디자인과,90,0.1,0.08,270,2.5,0.98,15,높음
그래픽디자인학과,60,0.1,0.23,220,0.7,0.33,14,높음
디자인자격증,680,1.8,0.28,1140,0.7,0.07,15,높음
디자인학사,20,0.0,0.0,20,0.0,0.0,3,높음
색채학과,10,0.3,3.34,50,0.0,0.0,3,높음
서울디지털대학교디자인학과,10,0.0,0.0,< 10,0.0,0.0,2,중간
3D프린팅학과,30,0.0,0.0,40,0.3,0.91,10,중간
3D프린팅과,< 10,0.0,0.0,10,0.0,0.0,3,높음
편집디자인학과,20,0.3,1.59,50,2.0,4.0,10,중간
컴퓨터그래픽학과,60,0.0,0.0,180,2.2,1.27,14,높음
컴퓨터그래픽과,20,0.1,0.67,90,1.3,1.39,15,높음
캐릭터디자인학과,20,0.0,0.0,60,0.3,0.41,15,높음
전시디자인학과,< 10,0.0,0.0,10,0.0,0.0,3,높음
전시디자인과,20,0.0,0.0,40,0.0,0.0,3,높음
일러스트레이션학과,10,0.1,0.72,20,0.0,0.0,10,중간
일러스트레이션과,< 10,0.0,0.0,10,0.0,0.0,3,높음
인테리어디자인학과,80,0.0,0.0,180,1.3,0.76,13,중간
이모티콘디자인,120,0.3,0.28,130,2.0,1.6,15,높음
시각디자인학,< 10,0.0,0.0,10,0.0,0.0,2,중간
NCT프로그램,20,0.0,0.0,30,0.0,0.0,2,중간
영상디자인학과,110,0.1,0.07,170,3.0,1.75,15,높음
웹디자인학과,80,0.1,0.17,250,0.9,0.38,15,높음
산업디자인과,370,0.4,0.12,1090,0.0,0.0,15,높음
컨설팅,6730,17.7,0.28,11600,47.8,0.44,15,높음
웹디자인과,60,0.3,0.44,230,4.4,1.98,15,높음
영상디자인,720,1.4,0.2,790,7.7,1.01,15,높음
광고디자인과,110,0.3,0.26,500,4.3,0.93,14,높음
패키지목업,70,1.0,1.44,10,0.0,0.0,3,높음
상원목업,< 10,0.0,0.0,< 10,0.0,0.0,3,높음
포토샵목업,420,0.3,0.09,200,0.0,0.0,3,높음
캐릭터디자인과,30,0.3,0.99,110,0.0,0.0,15,높음
시각디자인과,690,0.4,0.06,1740,0.7,0.05,15,높음
라이노캐드학원,< 10,0.1,1.99,20,1.0,4.35,14,높음
대학교추가모집,320,0.6,0.22,1070,2.0,0.23,15,높음
영상디자인과,400,1.1,0.28,1580,15.3,1.02,15,높음
게임공학과,350,0.3,0.1,590,0.3,0.07,15,높음
패션디자인학원,240,7.3,3.06,1120,61.4,5.86,15,높음
제품디자인목업,20,0.0,0.0,< 10,0.0,0.0,15,높음
사이버대학디자인,< 10,0.0,0.0,10,0.0,0.0,3,높음
제품디자인과,70,0.1,0.18,260,2.0,0.82,15,높음
제품디자인포트폴리오,80,1.1,1.34,50,1.0,2.13,15,높음
투시도,2050,11.6,0.58,1670,18.3,1.15,15,높음
아이소,780,4.9,0.65,1410,9.7,0.72,15,높음
트로피,2540,37.5,1.53,4550,97.6,2.27,15,높음
브랜드디자인,1140,16.1,1.45,970,20.5,2.26,15,높음
무대예술전문인,2640,3.7,0.15,3150,3.3,0.12,7,중간
사이버디자인,< 10,0.0,0.0,< 10,0.0,0.0,2,중간
일러스트온라인,10,0.1,0.36,20,2.6,11.27,15,높음
제품디자인산업기사,310,0.7,0.25,310,2.0,0.66,15,높음
컴퓨터그래픽운용기능사,750,0.3,0.05,820,0.3,0.05,15,높음
3D영상제작,280,8.2,2.93,100,3.0,2.95,15,높음
디자인기획,170,2.1,1.3,120,2.0,1.63,15,높음
디자인전공,60,0.0,0.0,160,0.0,0.0,15,높음
디지털콘텐츠학과,290,0.4,0.16,890,0.0,0.0,5,중간
멀티디자인과,10,0.0,0.0,20,0.0,0.0,1,중간
멀티미디어,2040,0.5,0.03,2630,0.0,0.0,15,높음
멀티미디어제작전문가,< 10,0.0,0.0,10,0.0,0.0,3,높음
멀티미디어콘텐츠,270,0.2,0.08,130,0.0,0.0,15,높음
멀티미디어콘텐츠제작전문가,3370,3.2,0.1,4420,1.0,0.03,15,높음
멀티미디어콘텐츠제작전문가자격증,40,0.0,0.0,20,0.7,2.67,3,높음
멀티미디어학사,< 10,0.0,0.0,< 10,0.0,0.0,13,중간
미디어영상,80,0.5,0.56,90,0.7,0.73,15,높음
사이버대디자인과,< 10,0.0,0.0,< 10,0.0,0.0,3,높음
사이버대학교디자인과,< 10,0.0,0.0,< 10,0.0,0.0,4,낮음
사이버대학교디자인학과,< 10,0.0,0.0,< 10,0.0,0.0,3,높음
영상미디어,280,0.1,0.05,370,0.7,0.19,15,높음
온라인일러스트,60,0.3,0.51,20,0.0,0.0,15,높음
실내건축과,140,0.1,0.1,430,0.7,0.17,15,높음
3D모델링알바,20,1.5,5.65,20,1.7,7.25,15,높음
WORKINGMOCKUP,10,0.7,3.93,< 10,0.0,0.0,3,높음
목업도장,< 10,0.0,0.0,< 10,0.0,0.0,3,높음
몰드디자인,< 10,0.0,0.0,10,0.0,0.0,3,높음
UX디자인,1640,1.5,0.1,1200,0.3,0.03,15,높음
그래픽디자인,2830,2.7,0.1,3030,12.5,0.43,15,높음
편집디자인학원,200,2.3,1.15,400,17.3,4.54,15,높음
국가기술자격증,5490,1.1,0.03,10100,4.0,0.05,15,높음
무료목업,890,0.0,0.0,90,0.0,0.0,2,중간
카메라목업,< 10,0.0,0.0,< 10,0.0,0.0,3,높음
CNC목업,10,1.1,6.03,< 10,0.0,0.0,5,중간
화장품용기목업,< 10,0.1,1.59,< 10,0.0,0.0,11,중간
부산게임원화,< 10,0.1,1.67,10,0.0,0.0,15,높음
인테리어디자인과,210,0.9,0.46,950,6.3,0.7,15,높음
멀티미디어학,20,0.0,0.0,20,0.3,1.67,10,중간
멀티미디어디자인학과,30,0.0,0.0,50,0.0,0.0,10,중간
하우징,3890,18.3,0.48,7310,49.7,0.72,15,높음
설계도면,940,1.6,0.18,710,0.7,0.1,15,높음
실내디자인과,240,0.4,0.18,540,0.0,0.0,15,높음
컬러리스트,3090,5.0,0.17,5790,6.3,0.12,15,높음
1인미디어,1380,0.7,0.06,1050,0.3,0.04,15,높음
목업설계,< 10,0.0,0.0,< 10,0.0,0.0,3,높음
대구3D모델링,< 10,0.1,1.36,< 10,0.0,0.0,15,높음
3D프린팅대구,< 10,0.0,0.0,< 10,0.0,0.0,3,높음
대구3D,90,0.4,0.44,60,0.0,0.0,15,높음
주형제작,10,0.0,0.0,10,0.0,0.0,1,중간
외주설계,< 10,0.0,0.0,< 10,0.0,0.0,3,높음
K-ESP,20,0.0,0.0,< 10,0.0,0.0,2,중간
사이버대디자인,< 10,0.0,0.0,< 10,0.0,0.0,3,높음
캐릭터디자인,1430,9.7,0.7,1560,19.6,1.34,15,높음
편집디자인,2930,9.5,0.33,2360,24.5,1.08,15,높음
라이노온라인강의,< 10,0.4,6.9,< 10,0.0,0.0,15,높음
맥북목업,30,0.0,0.0,20,0.0,0.0,3,높음
라이노온라인강좌,< 10,0.1,4.35,< 10,0.0,0.0,12,중간
아이폰목업,360,0.6,0.17,330,1.7,0.53,14,높음
사이버대학교시각디자인과,< 10,0.0,0.0,< 10,0.0,0.0,2,중간
일러스트레이션,1960,1.0,0.06,2190,1.0,0.05,15,높음
멀티미디어디자인,140,0.0,0.0,150,0.0,0.0,15,높음
사이버대학교건축공학과,< 10,0.0,0.0,10,0.0,0.0,3,높음
부천목업,< 10,0.0,0.0,< 10,0.0,0.0,14,높음
웹툰학과,330,0.8,0.25,710,11.7,1.74,15,높음
멀티미디어과,90,0.1,0.09,120,0.0,0.0,14,높음
부산웹툰,40,0.1,0.29,100,0.0,0.0,15,높음
의상디자인,160,0.5,0.33,550,12.3,2.44,15,높음
애니메이션,10300,5.4,0.06,33300,2.7,0.01,15,높음
스토리텔링,5900,4.1,0.08,10400,2.0,0.03,15,높음
멀티미디어학과,720,0.5,0.08,2050,0.0,0.0,15,높음
스마트폰목업,40,0.4,1.0,20,0.0,0.0,14,높음
부산제품디자인,10,0.0,0.0,< 10,0.0,0.0,15,높음
제작의뢰,60,0.3,0.53,50,0.0,0.0,15,높음
목업월드,800,0.4,0.06,50,0.0,0.0,10,중간
부산게임원화학원,50,0.4,0.79,70,3.4,4.73,15,높음
무료목업사이트,4070,11.4,0.3,990,0.0,0.0,5,중간
몰드,2840,6.0,0.22,5730,99.0,1.84,15,높음
오토캐드자격증인강,< 10,0.5,12.13,< 10,0.0,0.0,8,중간
디자인공학과,60,0.0,0.0,160,0.0,0.0,3,높음
케이스목업,20,0.3,1.59,< 10,0.0,0.0,3,높음
화장품목업,40,0.4,0.77,10,0.0,0.0,14,높음
목업가공,60,1.3,2.12,10,0.0,0.0,15,높음
부산프로그래밍학원,80,1.1,1.42,60,6.5,10.3,15,높음
랜더링,2490,1.1,0.05,3040,0.9,0.04,15,높음
3DMODELING,110,0.3,0.25,30,0.3,0.93,15,높음
CAD독학,50,0.0,0.0,50,0.0,0.0,15,높음
컬러리스트기사,2570,2.9,0.12,5360,6.1,0.12,15,높음
3D,3600,5.1,0.15,5650,2.0,0.04,15,높음
C4D강좌,10,0.1,0.49,10,0.0,0.0,15,높음
C4D인강,10,1.1,7.52,10,0.7,7.41,12,중간
라이노배우기,10,0.1,0.75,30,0.0,0.0,15,높음
실내건축기사강의,< 10,0.0,0.0,< 10,0.0,0.0,14,높음
건축캐드배우기,< 10,0.0,0.0,< 10,0.0,0.0,14,높음
